1,Kaspar,Betke,kbetke0@youtu.be,62-(431)236-47202,Deerdre,Scottrell,dscottrell1@shop-pro.jp,86-(556)282-36713,Terence,Mariyushkin,tmariyushkin2@washingtonpost.com,63-(193)864-67264,Kathye,Alcoran,kalcoran3@pagesperso-orange.fr,1-(428)679-45265,Nedi,Skyner,nskyner4@mayoclinic.com,86-(386)319-97336,Rutherford,Flay,rflay5@cbc.ca,62-(687)518-51747,Petra,Curtiss,pcurtiss6@wunderground.com,7-(262)983-56788,Belicia,Carn,bcarn7@hexun.com,7-(770)125-63989,Pammy,Skeen,pskeen8@bloglovin.com,33-(357)168-819810,Gan,Warton,gwarton9@harvard.edu,92-(390)847-500911,Brian,Stampfer,bstampfera@g.co,7-(739)287-222712,Malva,Wombwell,mwombwellb@chron.com,52-(436)846-085313,Eartha,Bartlam,ebartlamc@mayoclinic.com,62-(560)821-888914,Friederike,Massot,fmassotd@usgs.gov,62-(388)935-642315,Dyna,Sarjant,dsarjante@cocolog-nifty.com,86-(503)875-751316,Zabrina,Goaley,zgoaleyf@scientificamerican.com,86-(269)113-632017,Marabel,Castagneto,mcastagnetog@businesswire.com,54-(703)905-915018,Tildy,Covill,tcovillh@godaddy.com,48-(808)976-823619,Farris,Petti,fpettii@cbc.ca,86-(453)606-583520,Aimee,Hardson,ahardsonj@xing.com,86-(576)553-165521,Justinn,Itshak,jitshakk@blinklist.com,380-(633)167-764722,Melony,Iskow,miskowl@a8.net,33-(333)559-642223,Brant,Tattersall,btattersallm@cnet.com,1-(215)149-103624,Verla,Baughan,vbaughann@goodreads.com,62-(672)157-118525,Pollyanna,Saddleton,psaddletono@geocities.jp,371-(129)262-894126,Bree,Gidman,bgidmanp@symantec.com,98-(136)477-713227,Rosabella,Milius,rmiliusq@mozilla.org,385-(222)645-279428,Pier,Mainwaring,pmainwaringr@github.io,234-(988)605-448929,Nicholle,Itzhaki,nitzhakis@mashable.com,48-(375)747-198730,Neron,Resun,nresunt@ox.ac.uk,386-(400)469-048331,Rhea,Huddle,rhuddleu@cloudflare.com,86-(959)482-822032,Lyndsay,Cota,lcotav@networkadvertising.org,66-(632)385-546833,Shannon,Gilardi,sgilardiw@jiathis.com,51-(717)709-029934,Simonette,Greatorex,sgreatorexx@cbc.ca,389-(204)833-543835,Edmund,Girton,egirtony@sina.com.cn,7-(808)879-143436,Skipper,Johnes,sjohnesz@imageshack.us,62-(677)483-352637,Marne,Biernat,mbiernat10@cbsnews.com,86-(729)273-452038,Hailey,Ottee,hottee11@wikimedia.org,62-(339)469-350339,Ethelin,Ogborn,eogborn12@blogspot.com,33-(864)370-432040,Edwina,Lockley,elockley13@unicef.org,7-(328)409-635641,Erroll,Killik,ekillik14@1und1.de,53-(184)527-231842,Misti,Le Port,mleport15@goo.ne.jp,57-(546)443-415443,Kat,Coale,kcoale16@bloomberg.com,355-(717)831-462644,Becka,Luscombe,bluscombe17@printfriendly.com,591-(670)340-186245,Gordon,Escoffier,gescoffier18@cbc.ca,86-(370)160-481046,Winnie,Ainsworth,wainsworth19@mapy.cz,261-(423)955-508047,Alisun,Bullier,abullier1a@shareasale.com,86-(284)454-645548,Dina,Potes,dpotes1b@noaa.gov,86-(535)907-541449,Doroteya,Tunsley,dtunsley1c@pagesperso-orange.fr,66-(212)823-157950,Ernest,Taunton,etaunton1d@answers.com,351-(408)681-157651,Darcie,Precious,dprecious1e@aboutads.info,86-(585)876-237152,Stanford,Jilliss,sjilliss1f@bravesites.com,420-(765)714-596753,Abramo,Sawle,asawle1g@timesonline.co.uk,62-(616)843-262554,Shannen,Nuccii,snuccii1h@instagram.com,56-(180)763-895455,Giraud,Kondratenko,gkondratenko1i@berkeley.edu,48-(362)188-344256,Wandie,Howsden,whowsden1j@vkontakte.ru,55-(358)167-340257,Lemar,Mallinar,lmallinar1k@oracle.com,7-(603)169-288358,Ruprecht,Danzey,rdanzey1l@mozilla.org,62-(740)839-823559,Annadiana,Jeffery,ajeffery1m@hao123.com,86-(653)214-091960,Chere,Germain,cgermain1n@lycos.com,255-(393)517-523261,Mord,Sautter,msautter1o@ibm.com,265-(863)481-179562,Eleanor,MacGown,emacgown1p@behance.net,359-(609)804-921863,Abbey,Govinlock,agovinlock1q@indiegogo.com,55-(960)671-426764,Dinny,Fumagallo,dfumagallo1r@i2i.jp,351-(299)943-292365,Tilly,Honisch,thonisch1s@apple.com,994-(360)589-885066,Clementius,Cady,ccady1t@tripadvisor.com,63-(610)810-185167,Moselle,Scrafton,mscrafton1u@diigo.com,60-(268)452-113068,Ardelis,Couchman,acouchman1v@constantcontact.com,675-(514)535-171269,Isidore,Gideon,igideon1w@meetup.com,86-(136)994-456870,Chaddy,Beardsell,cbeardsell1x@digg.com,7-(712)429-015471,Felicia,Mullany,fmullany1y@ocn.ne.jp,351-(178)130-264472,Eleni,Robbings,erobbings1z@marketwatch.com,62-(241)337-838673,Gavra,Carlos,gcarlos20@ameblo.jp,46-(436)551-704574,Packston,Skyrme,pskyrme21@merriam-webster.com,62-(125)697-864275,Dannie,Maciunas,dmaciunas22@huffingtonpost.com,212-(190)309-397976,Kassandra,Wickardt,kwickardt23@yale.edu,62-(351)513-478677,Kiley,Lammerich,klammerich24@columbia.edu,351-(300)111-604778,Emelda,Lembke,elembke25@wiley.com,380-(314)444-633179,Levi,Drewson,ldrewson26@delicious.com,66-(901)701-569880,Mercie,Moulin,mmoulin27@slate.com,55-(395)562-737981,Arlyn,Bohlin,abohlin28@flickr.com,1-(717)440-345982,Alfy,Graves,agraves29@mozilla.org,46-(990)347-582183,Raimundo,Hopkins,rhopkins2a@ebay.com,82-(149)406-388384,Harv,Gales,hgales2b@intel.com,63-(460)997-526685,Tommy,Hampstead,thampstead2c@eepurl.com,46-(906)892-043386,Maybelle,Myton,mmyton2d@comcast.net,86-(498)441-817487,Gayler,De Hoogh,gdehoogh2e@china.com.cn,265-(156)747-236288,Marian,Thornbarrow,mthornbarrow2f@umn.edu,81-(530)370-288389,Linnea,Elms,lelms2g@about.me,86-(838)513-739190,Myrle,Farington,mfarington2h@ameblo.jp,92-(527)273-048691,Martie,Preece,mpreece2i@addtoany.com,63-(441)896-763992,Elinore,Bissatt,ebissatt2j@psu.edu,86-(505)970-693093,Agace,Stares,astares2k@goodreads.com,86-(484)906-584094,Ellary,Berzin,eberzin2l@mozilla.org,63-(380)706-320295,Reynold,Brandom,rbrandom2m@rediff.com,86-(343)494-684896,Ardelis,Lammas,alammas2n@go.com,93-(938)659-498497,Kathrine,Trunkfield,ktrunkfield2o@cpanel.net,55-(501)265-048498,Ibbie,Legen,ilegen2p@csmonitor.com,86-(951)354-651499,Lia,Mattiello,lmattiello2q@bluehost.com,351-(576)124-1094100,Bo,Speake,bspeake2r@gizmodo.com,47-(902)952-8970101,Phil,Simoes,psimoes2s@slideshare.net,66-(315)818-6928102,Constancia,Sherebrook,csherebrook2t@cocolog-nifty.com,46-(822)977-2815103,Tripp,Haselden,thaselden2u@istockphoto.com,7-(799)376-3611104,Dorrie,Deathridge,ddeathridge2v@tamu.edu,7-(890)513-6403105,Dede,Gadsby,dgadsby2w@xinhuanet.com,33-(185)742-6063106,Gareth,McCarlie,gmccarlie2x@aol.com,51-(350)284-9385107,Luci,Esherwood,lesherwood2y@e-recht24.de,7-(981)667-0136108,Kipper,Knobell,kknobell2z@latimes.com,46-(431)428-6520109,Nollie,Hentze,nhentze30@aol.com,62-(702)124-3746110,Sissie,Dur,sdur31@yale.edu,33-(675)144-6965111,Evey,Pidgeley,epidgeley32@phoca.cz,63-(821)186-0624112,Dennison,King,dking33@rediff.com,52-(640)188-2397113,Phedra,Ludy,pludy34@hp.com,63-(192)160-5010114,Clementine,Sundin,csundin35@joomla.org,1-(864)346-0443115,Tracey,Zincke,tzincke36@ft.com,63-(972)558-0726116,Kaine,Phippin,kphippin37@ycombinator.com,52-(700)384-1161117,Ettore,Trewhella,etrewhella38@squarespace.com,389-(627)143-2361118,Bobbie,Dimmne,bdimmne39@ibm.com,420-(698)339-3837119,Constancia,Shakelade,cshakelade3a@ning.com,51-(248)133-9843120,Rupert,Gaudin,rgaudin3b@hatena.ne.jp,86-(633)650-1178121,Amil,Linguard,alinguard3c@technorati.com,994-(672)354-1109122,Agretha,Hackey,ahackey3d@time.com,55-(291)310-6368123,Madonna,McLugaish,mmclugaish3e@miibeian.gov.cn,62-(840)745-5604124,Herminia,Mackerness,hmackerness3f@rambler.ru,269-(426)325-3637125,Jameson,Lampard,jlampard3g@seesaa.net,46-(733)454-0293126,Joline,Baitson,jbaitson3h@booking.com,64-(408)958-2793127,Sashenka,Longcaster,slongcaster3i@slate.com,86-(701)464-6828128,Myrtle,Golley,mgolley3j@boston.com,48-(131)449-1075129,Mora,Lofts,mlofts3k@google.cn,7-(159)285-6097130,Velma,Lindenblatt,vlindenblatt3l@fema.gov,62-(328)570-7050131,Leta,McCaughren,lmccaughren3m@geocities.jp,62-(208)142-7371132,Lyndsay,Verrills,lverrills3n@ca.gov,86-(685)620-1186133,Jaimie,Beadman,jbeadman3o@deliciousdays.com,63-(579)222-4413134,Sheffie,Girardet,sgirardet3p@odnoklassniki.ru,385-(874)113-2300135,Kim,Test,ktest3q@umich.edu,86-(154)957-8193136,Tiffany,Leamon,tleamon3r@symantec.com,503-(471)511-9583137,Malva,Burnsall,mburnsall3s@indiegogo.com,86-(811)281-9801138,Cammi,Baughn,cbaughn3t@admin.ch,1-(513)504-3833139,Alisander,McInulty,amcinulty3u@deviantart.com,62-(195)468-9011140,Diann,Truce,dtruce3v@booking.com,371-(225)875-3615141,Doroteya,Parcall,dparcall3w@theguardian.com,57-(641)649-6257142,Minnaminnie,Tiuit,mtiuit3x@mail.ru,30-(718)761-5523143,Bram,Brendeke,bbrendeke3y@hostgator.com,46-(108)985-4115144,Cam,Bruhnke,cbruhnke3z@wiley.com,86-(340)397-6065145,Gus,Saile,gsaile40@skype.com,57-(952)713-3114146,Jimmie,Pagett,jpagett41@acquirethisname.com,1-(203)946-7281147,Roi,Consadine,rconsadine42@shutterfly.com,86-(822)427-5729148,Giulio,Flitcroft,gflitcroft43@nih.gov,48-(844)457-9316149,Patten,Millott,pmillott44@imdb.com,48-(240)867-2132150,Cherlyn,Waything,cwaything45@g.co,7-(206)410-3777151,Jillian,Sparwell,jsparwell46@ibm.com,86-(869)699-5668152,Darb,Cluckie,dcluckie47@sciencedaily.com,216-(778)218-4516153,Chane,Heinel,cheinel48@ocn.ne.jp,30-(560)884-7355154,Adham,Smoth,asmoth49@pcworld.com,420-(951)736-9494155,Rayshell,Sollom,rsollom4a@yale.edu,63-(333)755-5883156,Kennie,Haslam,khaslam4b@aboutads.info,31-(674)106-7314157,Yank,Blaisdale,yblaisdale4c@chronoengine.com,86-(515)102-4644158,Emelita,Hocking,ehocking4d@acquirethisname.com,66-(226)419-9566159,Lauren,Stockman,lstockman4e@shinystat.com,57-(241)440-0428160,Salim,Eick,seick4f@princeton.edu,46-(121)123-4581161,Aimil,Dorward,adorward4g@exblog.jp,353-(334)313-4102162,Karena,Arbuckel,karbuckel4h@scribd.com,234-(393)869-5353163,Michaela,Echalie,mechalie4i@hostgator.com,351-(516)895-4726164,Johann,Izac,jizac4j@cbc.ca,33-(181)110-7727165,Ibrahim,Radden,iradden4k@latimes.com,48-(228)412-7853166,Diena,Courcey,dcourcey4l@xinhuanet.com,970-(705)837-7171167,Lorain,Clyburn,lclyburn4m@shop-pro.jp,7-(663)463-6710168,Egbert,Sprouls,esprouls4n@163.com,86-(990)910-2107169,Eula,Stiegars,estiegars4o@alexa.com,86-(638)798-8251170,Katinka,Corpes,kcorpes4p@sfgate.com,46-(604)641-2652171,Melody,Kubis,mkubis4q@dion.ne.jp,63-(996)847-3542172,Morena,Mussington,mmussington4r@trellian.com,55-(427)907-6727173,Bobine,Robbs,brobbs4s@hostgator.com,48-(160)555-3058174,Whitman,Cammack,wcammack4t@omniture.com,351-(916)739-5929175,Kin,Deare,kdeare4u@berkeley.edu,62-(869)463-4032176,Norina,Gainsburgh,ngainsburgh4v@macromedia.com,62-(216)673-3651177,Ange,Bodicam,abodicam4w@a8.net,228-(604)489-8178178,Gilbertine,Camilli,gcamilli4x@livejournal.com,62-(741)586-0310179,Madelena,Nardoni,mnardoni4y@hatena.ne.jp,46-(457)119-5816180,Calley,Itter,citter4z@apache.org,66-(980)193-4738181,Raffarty,Lie,rlie50@bizjournals.com,86-(649)513-5385182,Micaela,Tuck,mtuck51@patch.com,86-(181)929-9598183,Tore,Petchey,tpetchey52@cocolog-nifty.com,62-(153)267-7806184,Mara,Elecum,melecum53@microsoft.com,56-(309)789-6900185,Blair,Tarpey,btarpey54@privacy.gov.au,218-(859)126-0733186,Stu,Mackstead,smackstead55@drupal.org,237-(810)805-5201187,Sebastien,Umpleby,sumpleby56@reddit.com,372-(148)690-7542188,Darb,Capper,dcapper57@aol.com,233-(823)961-5028189,Geordie,Sutherel,gsutherel58@wordpress.org,353-(155)105-4967190,Marylin,Lunney,mlunney59@unc.edu,63-(835)790-1494191,Maegan,Yeaman,myeaman5a@blinklist.com,60-(252)803-1197192,Colan,Adamolli,cadamolli5b@skyrock.com,86-(595)287-3513193,Renate,Dachey,rdachey5c@mysql.com,86-(534)937-3327194,Dame,Gordge,dgordge5d@example.com,385-(500)997-5753195,Boycie,Grzeszczyk,bgrzeszczyk5e@businessweek.com,33-(182)504-6075196,Melisandra,Beadel,mbeadel5f@paypal.com,7-(900)840-4106197,Mason,Casina,mcasina5g@networksolutions.com,7-(742)875-7173198,Kaila,Worsam,kworsam5h@netvibes.com,963-(152)354-4865199,Franklyn,Brocket,fbrocket5i@merriam-webster.com,353-(184)329-5785200,Danice,Gudger,dgudger5j@unc.edu,52-(794)614-1379201,Delly,Errichiello,derrichiello5k@sciencedaily.com,33-(750)205-6219202,Abel,Sproul,asproul5l@pinterest.com,86-(198)969-7291203,Kerby,Bowhey,kbowhey5m@tuttocitta.it,86-(898)506-7134204,Nance,Goulbourn,ngoulbourn5n@redcross.org,51-(652)231-5477205,Ashia,Parcall,aparcall5o@twitter.com,49-(899)438-3377206,Adrea,Calvie,acalvie5p@who.int,62-(815)468-8750207,Layla,Kacheler,lkacheler5q@mac.com,33-(143)828-2344208,Haskell,Snepp,hsnepp5r@stumbleupon.com,86-(197)803-4013209,Tyler,Deans,tdeans5s@pinterest.com,7-(110)864-2180210,Casandra,Mollene,cmollene5t@timesonline.co.uk,62-(618)519-0077211,Ardra,Golightly,agolightly5u@cbc.ca,62-(632)464-6433212,Abraham,Sloey,asloey5v@gravatar.com,56-(510)802-5114213,Reynard,Flintoff,rflintoff5w@amazon.co.uk,1-(310)973-3848214,Mira,Langthorne,mlangthorne5x@livejournal.com,7-(236)497-1732215,Orion,Veld,oveld5y@timesonline.co.uk,63-(694)336-5226216,Cherlyn,Lapre,clapre5z@vinaora.com,7-(154)683-2145217,Micheal,Ehlerding,mehlerding60@domainmarket.com,86-(513)803-6140218,Brita,Hartles,bhartles61@npr.org,852-(498)779-5094219,Nadean,Mackie,nmackie62@symantec.com,258-(364)235-3715220,Cosimo,Terrington,cterrington63@rakuten.co.jp,7-(570)943-1566221,Chelsey,Davidoff,cdavidoff64@odnoklassniki.ru,63-(960)619-8768222,Charlean,Konneke,ckonneke65@bigcartel.com,55-(147)435-7121223,Sheffy,Boerderman,sboerderman66@msu.edu,351-(151)411-5998224,Ronna,Guidone,rguidone67@soup.io,86-(471)378-5478225,Vonnie,Vaudrey,vvaudrey68@slideshare.net,33-(685)704-7072226,Federico,Larrosa,flarrosa69@printfriendly.com,351-(770)516-5056227,Meara,Hamby,mhamby6a@about.com,977-(853)379-3099228,Leonanie,Kingdom,lkingdom6b@sun.com,7-(843)613-6960229,Arni,Wallege,awallege6c@xrea.com,48-(185)556-3128230,Kenneth,Vacher,kvacher6d@macromedia.com,224-(453)402-4556231,Filia,Asling,fasling6e@domainmarket.com,33-(653)626-3870232,Kali,Treharne,ktreharne6f@home.pl,380-(789)637-0534233,Adriana,Camelin,acamelin6g@github.com,51-(703)237-1537234,Dov,Fuggle,dfuggle6h@scribd.com,351-(207)327-9354235,Janaya,Bollis,jbollis6i@walmart.com,7-(520)537-7554236,Jareb,Rentcome,jrentcome6j@apache.org,64-(774)260-6276237,Rica,Shovel,rshovel6k@cyberchimps.com,86-(651)678-4560238,Elia,Vondra,evondra6l@ezinearticles.com,81-(905)487-0449239,Uriel,Libermore,ulibermore6m@virginia.edu,57-(706)857-9426240,Lura,Fisbey,lfisbey6n@alexa.com,62-(839)300-3147241,Galen,Lindenbluth,glindenbluth6o@globo.com,7-(367)787-9689242,Lulu,Heskey,lheskey6p@independent.co.uk,86-(765)365-8998243,Lauraine,Geraldez,lgeraldez6q@patch.com,62-(961)280-5528244,Helene,Jevon,hjevon6r@icio.us,52-(672)511-7468245,Obadiah,Peaseman,opeaseman6s@vk.com,93-(838)889-0959246,Micheline,Scotchmor,mscotchmor6t@example.com,1-(757)398-8577247,Konstanze,Mirando,kmirando6u@wiley.com,55-(819)104-1683248,Billi,McGeachy,bmcgeachy6v@meetup.com,1-(214)450-8540249,Kleon,Hurst,khurst6w@nih.gov,355-(425)627-1549250,Reinold,Phifer,rphifer6x@who.int,55-(473)492-4585251,Isabelle,Pettyfer,ipettyfer6y@sina.com.cn,374-(648)839-4386252,Letti,Beccles,lbeccles6z@apache.org,62-(122)543-9935253,Mindy,Cahalan,mcahalan70@about.me,86-(231)168-3154254,Ange,Beggin,abeggin71@oracle.com,30-(547)809-0208255,Tito,Bernardes,tbernardes72@businesswire.com,355-(464)509-6111256,Lona,Oleshunin,loleshunin73@sciencedaily.com,351-(876)857-6079257,Adrian,Delap,adelap74@unicef.org,63-(868)230-1407258,Gabrila,Andrysiak,gandrysiak75@macromedia.com,351-(987)169-5042259,Tybalt,Kingsnod,tkingsnod76@xinhuanet.com,62-(525)337-6425260,Wolfy,Thorwarth,wthorwarth77@geocities.jp,66-(349)732-6504261,Rodd,Sanzio,rsanzio78@usda.gov,63-(398)404-1272262,Charlton,Dixey,cdixey79@smugmug.com,1-(303)170-9912263,Isak,Simeone,isimeone7a@nyu.edu,46-(201)268-2274264,Birk,Syphas,bsyphas7b@indiatimes.com,82-(524)676-3327265,Silvanus,Hlavecek,shlavecek7c@columbia.edu,62-(588)780-9829266,Luciano,Petrussi,lpetrussi7d@fema.gov,46-(428)431-1508267,Bink,Blower,bblower7e@a8.net,86-(332)577-2869268,Boy,Spaducci,bspaducci7f@hexun.com,86-(676)712-8825269,Claudine,Bodega,cbodega7g@goodreads.com,86-(302)644-2478270,Alexandra,Sturm,asturm7h@ed.gov,60-(139)112-3484271,Ninetta,Fink,nfink7i@hao123.com,351-(394)989-0306272,Bonita,Blanc,bblanc7j@dell.com,260-(161)701-8563273,Celie,Tuson,ctuson7k@miitbeian.gov.cn,46-(612)816-3577274,Sofie,Beddingham,sbeddingham7l@utexas.edu,47-(285)329-4794275,Florencia,Greswell,fgreswell7m@reference.com,66-(835)185-6237276,Rubetta,Ambrozewicz,rambrozewicz7n@xrea.com,86-(409)270-4919277,Danny,Roust,droust7o@homestead.com,63-(260)711-7702278,Corny,Pettman,cpettman7p@about.com,86-(982)193-8597279,Muire,Rego,mrego7q@baidu.com,56-(384)477-1881280,Gwenora,Clavering,gclavering7r@hostgator.com,86-(830)380-7797281,Jamima,Laxton,jlaxton7s@cafepress.com,63-(820)897-8243282,Tandy,Rubert,trubert7t@instagram.com,86-(829)700-7670283,Annice,Marklew,amarklew7u@bloglovin.com,57-(924)305-8347284,Giulia,Harral,gharral7v@indiegogo.com,86-(165)267-5942285,Moyra,Strugnell,mstrugnell7w@spotify.com,380-(389)760-7544286,Sheffield,Hardy,shardy7x@ucoz.ru,30-(926)369-6524287,Libbie,Ainscow,lainscow7y@livejournal.com,62-(848)961-4361288,Guglielma,Chittim,gchittim7z@pagesperso-orange.fr,249-(122)353-9949289,Iris,Clive,iclive80@ocn.ne.jp,86-(496)737-2653290,Ethe,Durn,edurn81@fema.gov,86-(961)438-4658291,Doll,Rosier,drosier82@1und1.de,57-(729)911-1321292,Alasdair,Harragin,aharragin83@infoseek.co.jp,51-(637)294-9211293,Frederico,Burdekin,fburdekin84@histats.com,62-(202)483-2885294,Claude,Burchard,cburchard85@abc.net.au,359-(191)786-0131295,Sallyanne,Tressler,stressler86@forbes.com,27-(269)141-6744296,Rad,Gowenlock,rgowenlock87@statcounter.com,62-(102)371-6095297,Charlotte,Ovitz,covitz88@yahoo.com,63-(630)304-2417298,Corney,Millichap,cmillichap89@comsenz.com,62-(914)689-9979299,Lesley,Todman,ltodman8a@nps.gov,52-(443)578-7707300,Rutherford,Volett,rvolett8b@wikipedia.org,84-(868)380-2822301,Etti,Watkin,ewatkin8c@indiatimes.com,57-(807)991-4643302,Andy,Kline,akline8d@dell.com,86-(492)617-1511303,Latia,Leversuch,lleversuch8e@ycombinator.com,47-(240)922-1416304,Neile,Nasey,nnasey8f@weather.com,55-(816)181-7370305,Marillin,Holgan,mholgan8g@shareasale.com,1-(516)126-4648306,Mellie,Phette,mphette8h@dion.ne.jp,51-(673)143-0075307,Gordan,Fowgies,gfowgies8i@ucoz.ru,7-(575)249-5369308,Minetta,Trowill,mtrowill8j@hud.gov,62-(300)828-9440309,Bennie,Dearnaley,bdearnaley8k@dyndns.org,45-(481)301-6627310,Norris,Gaythorpe,ngaythorpe8l@apache.org,62-(954)388-4881311,Cinderella,Scown,cscown8m@unblog.fr,389-(541)606-4984312,Lorianna,O'Kelly,lokelly8n@networkadvertising.org,86-(728)211-2669313,Valeda,Koenen,vkoenen8o@nydailynews.com,7-(624)420-9516314,Clari,Sommers,csommers8p@tamu.edu,62-(291)763-1842315,Aura,Goodman,agoodman8q@myspace.com,86-(871)694-8326316,Cynthia,Townrow,ctownrow8r@wordpress.org,420-(762)604-8492317,Preston,Alton,palton8s@myspace.com,1-(813)366-8239318,Dee dee,Stokell,dstokell8t@themeforest.net,33-(554)948-4095319,Spencer,Fligg,sfligg8u@businessinsider.com,46-(100)760-7228320,Tammy,Ledwith,tledwith8v@last.fm,7-(567)163-8666321,Ralph,McCrisken,rmccrisken8w@npr.org,63-(488)930-7105322,Arvie,Vinson,avinson8x@alibaba.com,1-(753)302-7801323,Cher,Parlett,cparlett8y@goo.gl,351-(149)290-6853324,Leisha,Divall,ldivall8z@yolasite.com,63-(766)137-2156325,Niall,Elener,nelener90@ovh.net,63-(865)543-5850326,Patty,Engelmann,pengelmann91@miibeian.gov.cn,263-(899)619-6190327,Mahmoud,Graham,mgraham92@umich.edu,46-(338)802-1052328,Sheppard,Petrus,spetrus93@merriam-webster.com,258-(220)908-9045329,Collete,Parsonage,cparsonage94@spiegel.de,220-(711)428-1888330,Vassily,Colloby,vcolloby95@google.de,47-(413)783-0664331,Pepi,Sinnock,psinnock96@cargocollective.com,86-(400)148-3195332,Kayle,Gallico,kgallico97@devhub.com,54-(246)998-2626333,Conway,Supple,csupple98@mozilla.org,972-(786)806-4447334,Cirstoforo,Easeman,ceaseman99@prlog.org,380-(366)496-7618335,Harvey,Flemmich,hflemmich9a@bloomberg.com,1-(412)108-7437336,Taddeo,Gaythor,tgaythor9b@dyndns.org,51-(727)932-2543337,Tommie,Welton,twelton9c@usgs.gov,7-(749)946-3081338,Fawnia,Raimbauld,fraimbauld9d@theglobeandmail.com,1-(417)169-2467339,Millisent,Sansbury,msansbury9e@patch.com,63-(790)636-3844340,Gelya,Petrollo,gpetrollo9f@qq.com,7-(214)627-6582341,Gene,Basindale,gbasindale9g@ucoz.ru,92-(872)947-2012342,Izaak,Eberts,ieberts9h@odnoklassniki.ru,86-(398)313-1323343,Tara,Hauger,thauger9i@mac.com,54-(558)684-8004344,Stevy,Dugget,sdugget9j@furl.net,90-(248)444-4902345,Rosco,Viant,rviant9k@cbslocal.com,55-(176)409-0118346,Tommi,Linnett,tlinnett9l@mac.com,46-(290)627-0515347,Albrecht,Parnby,aparnby9m@yellowbook.com,86-(868)977-8987348,Edd,Kroger,ekroger9n@etsy.com,1-(347)365-4366349,Sebastien,Brugsma,sbrugsma9o@europa.eu,351-(119)963-5377350,Ester,Whotton,ewhotton9p@npr.org,20-(928)907-2497351,Yanaton,Lattey,ylattey9q@usa.gov,55-(864)292-0142352,Annelise,Adenot,aadenot9r@ebay.co.uk,52-(352)945-8691353,Yorgos,Parade,yparade9s@adobe.com,55-(494)627-9591354,Evangelina,Parminter,eparminter9t@last.fm,55-(457)648-7983355,Sylvester,Cuthbertson,scuthbertson9u@naver.com,55-(267)735-1571356,Meta,Footer,mfooter9v@bbc.co.uk,216-(344)750-8977357,Lenard,Vynarde,lvynarde9w@drupal.org,7-(146)257-5378358,Bordie,Ferrarin,bferrarin9x@wix.com,55-(973)461-4472359,Vernor,Mussilli,vmussilli9y@deliciousdays.com,86-(864)430-0089360,Aurora,Clavey,aclavey9z@shareasale.com,351-(113)418-5885361,Lucita,Benko,lbenkoa0@census.gov,62-(519)577-0987362,Dario,Girodin,dgirodina1@nasa.gov,55-(801)698-1720363,Celie,Desseine,cdesseinea2@wp.com,84-(684)905-7821364,Bella,Rubinivitz,brubinivitza3@purevolume.com,33-(815)883-2472365,Woodrow,McCrossan,wmccrossana4@archive.org,86-(796)714-4827366,Ode,Halward,ohalwarda5@sun.com,48-(335)170-6576367,Goober,Cometson,gcometsona6@newyorker.com,62-(668)712-8794368,Bobbette,Demcak,bdemcaka7@nature.com,86-(742)719-5798369,Justis,Spelman,jspelmana8@ustream.tv,54-(746)536-3590370,Rickard,Wicks,rwicksa9@addtoany.com,63-(580)844-8465371,Chryste,Towsie,ctowsieaa@scribd.com,93-(856)509-3082372,Timmie,Petrov,tpetrovab@ask.com,1-(609)404-2660373,Rivi,Bossom,rbossomac@dmoz.org,86-(824)812-2710374,Bobbee,King,bkingad@ameblo.jp,55-(686)841-9855375,Nadya,Legerwood,nlegerwoodae@bravesites.com,86-(107)440-6153376,Tybie,McKearnen,tmckearnenaf@123-reg.co.uk,31-(842)432-1252377,Even,Poznan,epoznanag@zdnet.com,224-(170)431-9714378,Kathie,Pearce,kpearceah@google.de,86-(793)825-8275379,Doro,Cuniam,dcuniamai@ovh.net,86-(980)360-6347380,Melli,Dole,mdoleaj@vistaprint.com,46-(566)952-5166381,Falkner,Duncklee,fdunckleeak@comsenz.com,62-(217)961-1047382,Wells,O'Looney,wolooneyal@google.pl,7-(408)415-0501383,Nessi,Prangnell,nprangnellam@nba.com,7-(242)166-6788384,Ervin,Foulks,efoulksan@lycos.com,66-(739)769-5345385,Therese,Lethebridge,tlethebridgeao@toplist.cz,82-(345)639-0530386,Prudi,Torrijos,ptorrijosap@ustream.tv,381-(698)840-1281387,Lemar,Raxworthy,lraxworthyaq@eepurl.com,63-(517)327-1736388,Averil,Bilham,abilhamar@ezinearticles.com,58-(520)493-9489389,Burnard,McCrum,bmccrumas@scientificamerican.com,63-(598)524-9000390,Tamarah,McGonigal,tmcgonigalat@ask.com,86-(670)209-8305391,Arel,Giraudoux,agiraudouxau@pbs.org,7-(373)895-7841392,Leontine,Godly,lgodlyav@ucsd.edu,62-(739)149-1891393,Lizabeth,Lukacs,llukacsaw@washington.edu,1-(652)488-9658394,Chaddie,Skowcraft,cskowcraftax@bbc.co.uk,86-(504)618-1829395,Bobbee,Freire,bfreireay@blogspot.com,63-(303)411-4668396,Stefan,Harkin,sharkinaz@ycombinator.com,1-(408)831-1653397,Xylia,Mac Geaney,xmacgeaneyb0@npr.org,31-(721)770-8334398,Lucky,Trenear,ltrenearb1@illinois.edu,86-(586)739-0244399,Roseann,Lergan,rlerganb2@wordpress.org,86-(844)828-0962400,Cindelyn,Cubbinelli,ccubbinellib3@shinystat.com,351-(328)382-5667401,Hinze,Sayburn,hsayburnb4@omniture.com,62-(860)963-5716402,Britteny,Le Surf,blesurfb5@cloudflare.com,351-(854)432-2714403,Burnaby,Hindmoor,bhindmoorb6@wufoo.com,354-(859)826-8279404,Arron,Woollaston,awoollastonb7@unblog.fr,33-(307)583-4903405,Tobin,Foulgham,tfoulghamb8@exblog.jp,86-(324)716-7571406,Mathilda,De L'Isle,mdelisleb9@jigsy.com,62-(354)747-6557407,Bernete,Glendenning,bglendenningba@csmonitor.com,1-(714)495-7597408,Mabelle,Jacquest,mjacquestbb@hud.gov,62-(828)833-6269409,Lulita,Feldhorn,lfeldhornbc@i2i.jp,1-(410)817-1193410,Armando,Boullin,aboullinbd@dailymail.co.uk,212-(178)810-5876411,Shara,Upstell,supstellbe@japanpost.jp,507-(788)549-1137412,Evelyn,Chrismas,echrismasbf@feedburner.com,7-(584)233-0541413,Galen,Jiricka,gjirickabg@harvard.edu,60-(634)715-7524414,Cody,Beddows,cbeddowsbh@indiegogo.com,63-(633)630-3434415,Rosalind,Gauntlett,rgauntlettbi@ihg.com,55-(805)637-7399416,Ahmad,Barehead,abareheadbj@theguardian.com,30-(206)711-6090417,Gerda,Jadczak,gjadczakbk@biglobe.ne.jp,62-(694)748-8674418,Kristoffer,Sawell,ksawellbl@naver.com,62-(858)287-6492419,Grover,Oultram,goultrambm@bigcartel.com,55-(352)149-8122420,Denys,Blackwell,dblackwellbn@constantcontact.com,48-(152)145-1050421,Tiff,Richardon,trichardonbo@wikimedia.org,86-(652)390-3921422,Coral,Cramer,ccramerbp@icq.com,503-(798)264-5207423,Linnie,Fishpool,lfishpoolbq@printfriendly.com,976-(270)349-3410424,Stu,Cokayne,scokaynebr@chicagotribune.com,60-(930)115-6771425,Henriette,Simm,hsimmbs@wikia.com,62-(204)339-7013426,Mac,Elgee,melgeebt@stumbleupon.com,54-(660)205-5773427,Far,Sketcher,fsketcherbu@java.com,66-(302)976-4979428,Florencia,Douty,fdoutybv@ft.com,420-(831)661-2580429,Jacquetta,Canacott,jcanacottbw@dedecms.com,380-(674)726-2366430,Alyson,Smout,asmoutbx@google.com.br,1-(865)508-3784431,Paxton,Fraulo,pfrauloby@wiley.com,47-(211)147-5783432,Shaun,Lynskey,slynskeybz@google.com,386-(509)590-1536433,Selestina,Veart,sveartc0@oracle.com,86-(411)570-8520434,Natty,Steane,nsteanec1@bluehost.com,7-(657)244-1768435,Tandi,Alves,talvesc2@acquirethisname.com,66-(349)930-5614436,Wini,Corington,wcoringtonc3@gnu.org,44-(290)363-5229437,Ursala,Langham,ulanghamc4@bbc.co.uk,86-(526)647-7132438,Chadd,De la Perrelle,cdelaperrellec5@census.gov,27-(900)927-9657439,Hubey,Honatsch,hhonatschc6@google.pl,358-(153)400-9776440,Garth,Cutchey,gcutcheyc7@macromedia.com,355-(386)671-7898441,Alley,Mumberson,amumbersonc8@com.com,230-(923)494-5509442,Sammy,Mirfin,smirfinc9@ovh.net,49-(634)399-1823443,Yvor,Hannaby,yhannabyca@elpais.com,1-(225)407-9549444,Rad,Frisdick,rfrisdickcb@hc360.com,55-(416)627-1402445,Esmeralda,Leader,eleadercc@reddit.com,86-(857)835-6746446,Jaymee,Fahy,jfahycd@un.org,380-(940)352-8378447,Lanette,Sprulls,lsprullsce@nyu.edu,7-(688)726-7626448,Ellen,Guterson,egutersoncf@technorati.com,380-(703)251-5137449,Rog,Coleford,rcolefordcg@wordpress.org,687-(490)853-3444450,Barbee,Norrie,bnorriech@behance.net,62-(847)847-5427451,Dore,Hume,dhumeci@nsw.gov.au,48-(160)430-3904452,Darrin,Took,dtookcj@go.com,63-(251)881-5542453,Rice,Joy,rjoyck@dyndns.org,7-(419)519-8536454,Von,Euston,veustoncl@chronoengine.com,420-(681)111-9368455,Minette,Bennen,mbennencm@delicious.com,62-(832)922-1520456,Melodie,Meighan,mmeighancn@apple.com,7-(424)124-3851457,Lorita,Aluard,laluardco@nyu.edu,351-(747)669-5766458,Julina,Stirgess,jstirgesscp@icio.us,380-(261)412-7767459,Danielle,Gamlyn,dgamlyncq@barnesandnoble.com,86-(370)624-5780460,Georgie,Bogays,gbogayscr@oakley.com,55-(290)250-9739461,Lucius,Bellingham,lbellinghamcs@cbslocal.com,34-(696)560-4692462,Ferguson,Agronski,fagronskict@google.co.uk,98-(545)536-5180463,Merci,Rennick,mrennickcu@csmonitor.com,46-(309)606-4355464,Kaile,Povall,kpovallcv@jugem.jp,92-(479)590-1331465,Romy,Karpushkin,rkarpushkincw@cloudflare.com,86-(620)779-9707466,Robbi,McUre,rmcurecx@artisteer.com,30-(167)708-0839467,Rakel,Duffer,rduffercy@nytimes.com,86-(521)898-9946468,Cloe,Entres,centrescz@usnews.com,86-(392)604-4019469,Malorie,McGauhy,mmcgauhyd0@umich.edu,54-(447)997-7836470,Olivier,Dermott,odermottd1@craigslist.org,86-(494)476-3323471,Jewel,Awmack,jawmackd2@noaa.gov,48-(687)226-0799472,Paule,Perch,pperchd3@xrea.com,62-(615)153-4626473,Rochester,McConaghy,rmcconaghyd4@pinterest.com,506-(773)330-7946474,Pauly,Narbett,pnarbettd5@apache.org,1-(298)552-1101475,Boote,Baudacci,bbaudaccid6@ed.gov,56-(880)489-2927476,Gael,Burd,gburdd7@shop-pro.jp,686-(872)586-2658477,Jerad,Edinboro,jedinborod8@theatlantic.com,256-(826)906-8600478,Kane,Purchall,kpurchalld9@tinyurl.com,62-(564)679-1597479,Arri,Fellows,afellowsda@huffingtonpost.com,1-(449)702-7763480,Neal,Koomar,nkoomardb@hp.com,66-(115)493-5207481,Hector,Campion,hcampiondc@examiner.com,86-(242)898-4957482,Hannie,Horrod,hhorroddd@pagesperso-orange.fr,33-(940)820-4809483,Anjela,Worsnap,aworsnapde@xinhuanet.com,55-(294)341-5911484,Tove,Nancarrow,tnancarrowdf@aboutads.info,351-(811)714-0387485,Nicko,Harsum,nharsumdg@cyberchimps.com,62-(941)232-1331486,Bradney,Hoofe,bhoofedh@utexas.edu,970-(227)164-4414487,Cissiee,Etock,cetockdi@npr.org,55-(323)671-9082488,Eloise,Fieller,efiellerdj@hugedomains.com,62-(761)808-4598489,Mitchel,Kubyszek,mkubyszekdk@rambler.ru,86-(267)596-2598490,Stu,Cheke,schekedl@jugem.jp,33-(560)448-4704491,Kile,Stoffler,kstofflerdm@businessinsider.com,86-(910)505-4867492,Hamid,De Beneditti,hdebenedittidn@geocities.jp,383-(919)201-3492493,Angie,Tann,atanndo@census.gov,7-(253)574-3760494,Rafi,Trelease,rtreleasedp@alibaba.com,48-(204)889-3965495,Errol,Height,eheightdq@europa.eu,86-(773)989-7709496,Agretha,Sessions,asessionsdr@example.com,81-(741)331-6405497,Stacy,Quare,squareds@youtu.be,63-(916)846-6381498,Sigfrid,Neesham,sneeshamdt@bluehost.com,86-(633)194-7905499,Chelsae,Spilisy,cspilisydu@miitbeian.gov.cn,63-(443)312-7652500,Colman,Davidof,cdavidofdv@spotify.com,355-(497)915-8187501,Lyndsay,Del Castello,ldelcastellodw@princeton.edu,358-(696)518-2940502,Deva,Lillow,dlillowdx@devhub.com,84-(750)262-7214503,Linc,Ginty,lgintydy@wisc.edu,62-(841)907-4777504,Aksel,McKinley,amckinleydz@unblog.fr,46-(533)228-7276505,Modestine,Latimer,mlatimere0@i2i.jp,7-(685)192-8778506,Tina,Atwood,tatwoode1@elegantthemes.com,963-(850)541-8477507,Viki,Lantaph,vlantaphe2@shinystat.com,55-(988)372-3462508,Jecho,Borrel,jborrele3@elpais.com,86-(573)882-6346509,Rooney,Astill,rastille4@hostgator.com,241-(754)820-2993510,Harper,Hryskiewicz,hhryskiewicze5@si.edu,254-(252)571-8272511,Babbette,Climance,bclimancee6@issuu.com,420-(924)541-0197512,Pet,Clac,pclace7@google.fr,7-(547)885-3943513,Winston,Nelsen,wnelsene8@alexa.com,86-(804)837-7140514,Gayler,Laxson,glaxsone9@alexa.com,351-(607)546-5027515,Waylan,Collister,wcollisterea@4shared.com,62-(732)616-3464516,Hewie,Gerwood,hgerwoodeb@51.la,1-(852)538-0580517,Billie,Leidl,bleidlec@flickr.com,55-(208)113-5615518,Jerrie,Chesney,jchesneyed@businesswire.com,55-(442)132-1474519,Jarad,Lacotte,jlacotteee@fda.gov,62-(291)276-5878520,Bunnie,Stigell,bstigellef@usgs.gov,62-(782)756-6524521,Almira,Coo,acooeg@google.fr,689-(219)406-4796522,Charley,Kemmons,ckemmonseh@bluehost.com,51-(328)164-8218523,Elladine,Gabbot,egabbotei@desdev.cn,60-(337)420-7214524,Darius,Mathivat,dmathivatej@bravesites.com,31-(479)256-3530525,Graehme,Wardlaw,gwardlawek@plala.or.jp,598-(267)663-4164526,Eliza,Tynewell,etynewellel@ihg.com,389-(316)234-3648527,Micky,Lyst,mlystem@topsy.com,689-(210)670-1656528,Oliviero,Leele,oleeleen@storify.com,7-(344)126-7902529,Julieta,Chilvers,jchilverseo@so-net.ne.jp,63-(609)224-9553530,Inigo,Brunet,ibrunetep@multiply.com,93-(571)730-7206531,Ailene,Iliff,ailiffeq@vk.com,86-(177)123-8750532,Maxie,Gayne,mgayneer@salon.com,86-(741)409-5304533,Ilario,Breewood,ibreewoodes@usgs.gov,992-(859)785-2351534,Drusy,Cavalier,dcavalieret@e-recht24.de,55-(917)995-5658535,Andrej,Marthen,amartheneu@diigo.com,86-(987)875-1899536,Shari,Huyghe,shuygheev@wired.com,63-(842)591-5299537,Ashley,Latliff,alatliffew@cafepress.com,7-(622)295-2267538,Haskell,Risby,hrisbyex@cbsnews.com,351-(401)286-7722539,Jelene,Griswaite,jgriswaiteey@harvard.edu,86-(184)255-6193540,Claire,Lukianov,clukianovez@ebay.com,7-(624)103-7710541,Carmela,Frenzl,cfrenzlf0@tinyurl.com,31-(590)566-6729542,Rorie,Crasford,rcrasfordf1@nyu.edu,62-(564)672-4049543,Theo,Trevear,ttrevearf2@wiley.com,45-(574)764-1944544,Cesar,Asbrey,casbreyf3@ihg.com,86-(133)902-0423545,Farr,Greenleaf,fgreenleaff4@washingtonpost.com,86-(440)674-2291546,Pamela,Glowinski,pglowinskif5@timesonline.co.uk,374-(231)474-5931547,Rollins,Dybell,rdybellf6@feedburner.com,33-(768)711-0617548,Gerda,Maskrey,gmaskreyf7@etsy.com,52-(288)351-4701549,Sloane,Rowling,srowlingf8@wikimedia.org,1-(348)388-2609550,Harlene,Van der Hoeven,hvanderhoevenf9@flickr.com,963-(926)814-8994551,Devlin,Sive,dsivefa@storify.com,55-(594)533-0642552,Nalani,Covill,ncovillfb@globo.com,505-(813)805-5162553,Sheff,Celez,scelezfc@indiegogo.com,372-(457)577-3172554,Cecilius,Aspin,caspinfd@jiathis.com,383-(589)913-3039555,Janey,Romanet,jromanetfe@naver.com,62-(211)765-1786556,Fawne,Brennand,fbrennandff@who.int,86-(273)571-8863557,Chadd,Povey,cpoveyfg@delicious.com,27-(704)591-7972558,Rebekah,Kondratowicz,rkondratowiczfh@chronoengine.com,1-(668)513-4634559,Norman,Messiter,nmessiterfi@oakley.com,504-(605)644-5787560,Bronny,Curton,bcurtonfj@go.com,58-(204)836-6030561,Joshua,Taffe,jtaffefk@auda.org.au,54-(421)284-7941562,Rutledge,Gooms,rgoomsfl@hibu.com,86-(759)726-3620563,Cass,McWhirter,cmcwhirterfm@si.edu,234-(131)927-9181564,Vidovic,Meachem,vmeachemfn@posterous.com,507-(166)276-4534565,King,Holwell,kholwellfo@reference.com,86-(691)739-3556566,Brunhilde,MacShirie,bmacshiriefp@telegraph.co.uk,63-(599)573-1370567,Kilian,Grant,kgrantfq@noaa.gov,357-(563)724-5766568,Hedwiga,Brumpton,hbrumptonfr@reddit.com,52-(175)891-9924569,Elicia,Brownsmith,ebrownsmithfs@plala.or.jp,86-(391)472-7889570,Sharleen,Larvin,slarvinft@businessweek.com,351-(792)419-1499571,Bambi,Adamowitz,badamowitzfu@bravesites.com,84-(549)873-6758572,Lutero,Vinnick,lvinnickfv@linkedin.com,86-(174)279-7937573,Krysta,Mannagh,kmannaghfw@unblog.fr,86-(135)703-8494574,Gran,Marczyk,gmarczykfx@elegantthemes.com,86-(437)292-1447575,Adler,Jagoe,ajagoefy@answers.com,1-(600)941-7543576,Halsey,Dionisi,hdionisifz@gravatar.com,63-(254)120-7353577,Mufinella,Coit,mcoitg0@youtu.be,351-(277)329-7049578,Biddy,Paviour,bpaviourg1@geocities.jp,94-(744)525-7765579,Woody,Evamy,wevamyg2@va.gov,33-(999)168-9571580,Mike,Loram,mloramg3@vkontakte.ru,86-(158)963-2624581,Gabi,Gluyas,ggluyasg4@yellowpages.com,51-(461)373-8756582,Sharona,Antalffy,santalffyg5@delicious.com,46-(557)472-6296583,Sallyanne,Baxandall,sbaxandallg6@irs.gov,977-(351)794-8441584,Benton,Imlen,bimleng7@diigo.com,7-(281)463-4116585,Graham,Petrol,gpetrolg8@istockphoto.com,51-(518)703-6167586,Carol,Campsall,ccampsallg9@va.gov,48-(616)289-8732587,Dinah,Evensden,devensdenga@stumbleupon.com,502-(640)646-6996588,Oralle,Govan,ogovangb@wiley.com,7-(355)107-5243589,Stephine,Holberry,sholberrygc@yelp.com,1-(405)370-8307590,Lucio,Winning,lwinninggd@stanford.edu,86-(205)595-7520591,Regen,Scorthorne,rscorthornege@livejournal.com,63-(699)502-0901592,Glynnis,Beetlestone,gbeetlestonegf@a8.net,57-(721)148-2428593,Lisetta,Garron,lgarrongg@shinystat.com,1-(212)692-1373594,Daisy,Cains,dcainsgh@va.gov,261-(542)320-2806595,Rodolfo,Sherington,rsheringtongi@yale.edu,63-(520)685-4932596,Fiona,Rigden,frigdengj@blogtalkradio.com,30-(241)244-8872597,Rici,Rudyard,rrudyardgk@ucla.edu,385-(845)427-5131598,Farlee,Pasley,fpasleygl@businesswire.com,598-(155)920-9683599,Hildegaard,Jull,hjullgm@vinaora.com,234-(451)668-5139600,Corney,Chittenden,cchittendengn@fema.gov,55-(936)889-0405601,Zebulon,Hehnke,zhehnkego@google.fr,63-(354)610-2964602,Heather,Truluck,htruluckgp@gmpg.org,1-(359)911-6356603,Dorry,Ludlam,dludlamgq@icq.com,86-(136)478-3141604,Hortensia,Doret,hdoretgr@scribd.com,351-(805)264-2659605,Mallory,Redrup,mredrupgs@altervista.org,964-(515)225-9831606,Dorian,Makepeace,dmakepeacegt@blogspot.com,7-(279)880-2722607,Auroora,O'Lunny,aolunnygu@paypal.com,62-(310)972-1019608,Joy,Sill,jsillgv@nifty.com,48-(240)890-2567609,Dorolice,Wingfield,dwingfieldgw@feedburner.com,55-(833)760-8267610,Crystie,Krauze,ckrauzegx@webmd.com,380-(619)893-0544611,Archibaldo,Jesteco,ajestecogy@bluehost.com,86-(588)688-1663612,Ollie,Dakhno,odakhnogz@bloglines.com,62-(106)918-9600613,Alberta,Eidelman,aeidelmanh0@livejournal.com,86-(797)258-5025614,Stephannie,Shewsmith,sshewsmithh1@bloglines.com,86-(616)860-0224615,Caresa,Laden,cladenh2@china.com.cn,52-(964)808-7398616,Demetrius,Trask,dtraskh3@smh.com.au,52-(900)900-8662617,Yolane,Devenny,ydevennyh4@netscape.com,7-(252)518-0347618,Meredithe,Hampstead,mhampsteadh5@reference.com,351-(328)749-1059619,Sophi,Hollington,shollingtonh6@springer.com,86-(244)354-3163620,Carmita,Blabie,cblabieh7@abc.net.au,591-(813)151-2477621,Sherwin,Crossgrove,scrossgroveh8@microsoft.com,7-(571)177-8560622,Abrahan,Braferton,abrafertonh9@adobe.com,385-(692)261-5568623,Bettye,Brearty,bbreartyha@slashdot.org,242-(439)484-4062624,Dorothea,Atrill,datrillhb@umn.edu,62-(186)950-7059625,Cosmo,Ricioppo,cricioppohc@usda.gov,63-(467)481-0807626,Clem,Rickaby,crickabyhd@hud.gov,353-(421)461-4557627,Lishe,Stading,lstadinghe@bravesites.com,7-(329)112-6274628,Abagael,Mallia,amalliahf@deviantart.com,20-(205)727-3997629,Annabel,Pavic,apavichg@yelp.com,1-(812)262-7237630,Colleen,Vannacci,cvannaccihh@is.gd,86-(953)774-6951631,Jemimah,Dreinan,jdreinanhi@aol.com,7-(181)159-7445632,Ysabel,Haith,yhaithhj@shareasale.com,84-(391)911-7984633,Chryste,Gerbel,cgerbelhk@state.gov,86-(550)604-3412634,Giulio,Beves,gbeveshl@drupal.org,255-(197)599-5568635,Jenifer,Crosi,jcrosihm@weebly.com,86-(174)947-6058636,Freddy,Stokey,fstokeyhn@economist.com,86-(682)987-9239637,Rori,Genge,rgengeho@pagesperso-orange.fr,7-(155)677-5750638,Christy,Liddel,cliddelhp@mysql.com,62-(726)235-0106639,Bobbe,Moorwood,bmoorwoodhq@answers.com,49-(425)419-2920640,Agnes,Hedley,ahedleyhr@stanford.edu,62-(116)794-2384641,Ayn,Mallison,amallisonhs@free.fr,62-(844)880-5267642,Kellie,Coules,kcoulesht@gnu.org,86-(706)573-2862643,Morganica,Speenden,mspeendenhu@webeden.co.uk,1-(865)589-5572644,Abram,Prandoni,aprandonihv@bandcamp.com,62-(859)323-6152645,Kerr,Moogan,kmooganhw@jalbum.net,48-(857)403-5564646,Sandra,Tommasuzzi,stommasuzzihx@imageshack.us,351-(839)468-9387647,Liz,Voak,lvoakhy@nih.gov,86-(871)328-2239648,Tova,Gierck,tgierckhz@desdev.cn,7-(370)639-3391649,Rochette,Schwandermann,rschwandermanni0@epa.gov,358-(673)586-1340650,Victoir,Gilbert,vgilberti1@odnoklassniki.ru,62-(843)609-5361651,Livvy,Paszak,lpaszaki2@intel.com,86-(812)831-3315652,Farlee,Gooddie,fgooddiei3@parallels.com,7-(293)424-6227653,Simonette,McAvey,smcaveyi4@vinaora.com,62-(243)565-6972654,Carmon,Jardin,cjardini5@mapquest.com,63-(925)410-8244655,Louie,Dunniom,ldunniomi6@digg.com,86-(353)333-7412656,Devlin,Pentelo,dpenteloi7@sohu.com,55-(788)797-9100657,Kata,Ferri,kferrii8@ask.com,98-(715)942-7486658,Case,Barratt,cbarratti9@cnbc.com,55-(326)728-4280659,Mavra,Lipp,mlippia@sciencedaily.com,55-(996)976-0430660,Odele,Lipyeat,olipyeatib@google.com.hk,51-(655)961-1354661,Barton,Millgate,bmillgateic@ycombinator.com,48-(971)511-1157662,Lowrance,Baversor,lbaversorid@creativecommons.org,62-(460)279-2103663,Kenyon,Rizziello,krizzielloie@si.edu,62-(581)821-0875664,Keeley,Hanniger,khannigerif@google.ca,855-(562)999-6205665,Vina,Denley,vdenleyig@cpanel.net,62-(915)361-0592666,Averill,McInility,amcinilityih@msu.edu,267-(101)211-0550667,Kelli,Annes,kannesii@princeton.edu,86-(603)676-5428668,Geri,Poulett,gpoulettij@yandex.ru,355-(702)677-2005669,Georgette,Flaunier,gflaunierik@indiegogo.com,57-(606)394-4024670,Tiffi,Turban,tturbanil@slideshare.net,81-(824)946-0230671,Siusan,Springate,sspringateim@microsoft.com,387-(844)842-7866672,Sanders,Lilburn,slilburnin@home.pl,7-(165)838-0530673,Gertrude,Minto,gmintoio@blogspot.com,7-(275)839-8380674,Alysia,Love,aloveip@webmd.com,47-(671)520-1925675,Marna,Gateshill,mgateshilliq@php.net,60-(562)659-7424676,Tedman,Borrett,tborrettir@cdbaby.com,66-(844)170-1743677,Cordi,Messer,cmesseris@pcworld.com,62-(833)436-9746678,Oralla,Mumford,omumfordit@ebay.com,52-(307)500-0342679,Sandro,Aleksankov,saleksankoviu@constantcontact.com,592-(315)101-3429680,Sherwynd,Handsheart,shandsheartiv@51.la,7-(933)231-8593681,Forbes,Meader,fmeaderiw@wunderground.com,30-(962)598-3510682,Mae,Mullin,mmullinix@parallels.com,357-(324)833-0671683,Clementius,McFaul,cmcfauliy@slideshare.net,55-(672)847-7050684,Verine,Overal,voveraliz@nyu.edu,60-(996)657-1556685,Andras,Astall,aastallj0@marriott.com,48-(892)599-1633686,Orson,Kuschke,okuschkej1@mac.com,1-(833)936-2269687,Blancha,McBrearty,bmcbreartyj2@nymag.com,502-(769)757-9522688,Shane,Purle,spurlej3@geocities.com,86-(833)833-6191689,Kayla,Cotgrave,kcotgravej4@wsj.com,60-(412)474-1587690,Elfrieda,Dell'Abbate,edellabbatej5@mapquest.com,351-(886)572-5196691,Raynell,Jefford,rjeffordj6@va.gov,593-(526)502-6987692,Thadeus,Dunstall,tdunstallj7@vkontakte.ru,86-(772)861-3279693,Dawn,Meake,dmeakej8@ask.com,86-(231)463-6066694,Patsy,Gregoriou,pgregoriouj9@usnews.com,86-(265)114-2432695,Sephira,Scullion,sscullionja@1688.com,86-(154)265-1552696,Lin,Vowdon,lvowdonjb@dmoz.org,353-(347)289-6038697,Candice,Balcers,cbalcersjc@hp.com,48-(963)523-1217698,Astra,Raccio,aracciojd@fastcompany.com,62-(111)147-6697699,Lancelot,Blowers,lblowersje@microsoft.com,81-(554)660-1050700,Annalise,Cordoba,acordobajf@1und1.de,1-(172)186-4550701,Clementius,Davidofski,cdavidofskijg@google.es,62-(568)216-3806702,Gabi,Fitzhenry,gfitzhenryjh@lulu.com,30-(204)114-5541703,Gertie,Spilsburie,gspilsburieji@icio.us,62-(402)318-7697704,Martguerita,Diprose,mdiprosejj@exblog.jp,351-(836)484-3532705,Aundrea,Gleadhall,agleadhalljk@goodreads.com,51-(419)966-2721706,Werner,Morley,wmorleyjl@t.co,57-(971)343-2362707,Robbie,Crosswaite,rcrosswaitejm@vistaprint.com,212-(950)992-6138708,Craig,Echalie,cechaliejn@virginia.edu,62-(467)948-1544709,Krista,Farmloe,kfarmloejo@indiatimes.com,48-(297)743-9026710,Olly,Brunsdon,obrunsdonjp@cam.ac.uk,54-(757)300-6573711,Scarlet,Bebb,sbebbjq@npr.org,55-(128)586-6665712,Steffen,Stein,ssteinjr@dion.ne.jp,62-(990)271-7981713,Coletta,Claybourn,cclaybournjs@linkedin.com,86-(996)482-8551714,Germaine,Scardifield,gscardifieldjt@hc360.com,86-(551)896-9677715,Pru,Readhead,preadheadju@gizmodo.com,86-(452)760-2470716,Keane,Monnelly,kmonnellyjv@japanpost.jp,420-(167)395-7155717,Giff,Grannell,ggrannelljw@prlog.org,20-(836)923-2063718,Willyt,Garred,wgarredjx@vistaprint.com,370-(385)446-9493719,Mackenzie,Pettipher,mpettipherjy@berkeley.edu,86-(119)579-9306720,Artemas,Thorlby,athorlbyjz@printfriendly.com,505-(188)643-8792721,Turner,Kenner,tkennerk0@github.com,1-(214)173-1360722,Tabbatha,Muckley,tmuckleyk1@about.me,370-(195)474-7303723,Alix,Attenborough,aattenboroughk2@ox.ac.uk,55-(465)372-2422724,Anna-maria,Tembey,atembeyk3@ucla.edu,63-(346)968-3747725,Fredric,Gookes,fgookesk4@live.com,62-(535)507-6176726,Corrianne,Mouton,cmoutonk5@walmart.com,33-(726)941-3608727,Nanon,Rosenzveig,nrosenzveigk6@europa.eu,86-(970)482-8246728,Tobiah,Gateshill,tgateshillk7@comcast.net,1-(681)243-3545729,Harriet,Gilberthorpe,hgilberthorpek8@yolasite.com,54-(353)105-6891730,Osgood,De Hailes,odehailesk9@istockphoto.com,86-(135)307-5442731,Itch,McGown,imcgownka@ebay.co.uk,62-(527)673-3693732,Franzen,Iacovini,fiacovinikb@sphinn.com,48-(439)831-4516733,Morrie,Lissenden,mlissendenkc@bloglovin.com,505-(643)692-4201734,Gregor,Penkman,gpenkmankd@gnu.org,967-(119)620-0024735,Collin,Burg,cburgke@ifeng.com,358-(897)856-4640736,Yankee,Kibblewhite,ykibblewhitekf@github.io,57-(576)362-6298737,Sharline,Coutthart,scoutthartkg@theguardian.com,86-(996)578-7988738,Clement,Skeath,cskeathkh@amazonaws.com,62-(851)514-8705739,Germain,Dalyiel,gdalyielki@cyberchimps.com,81-(868)951-4865740,Rosabel,Brend,rbrendkj@businesswire.com,92-(716)861-6365741,Katharine,Merigeau,kmerigeaukk@jalbum.net,351-(204)811-4359742,Kliment,Hatry,khatrykl@eepurl.com,86-(363)915-4059743,Keen,McTrusty,kmctrustykm@pagesperso-orange.fr,49-(626)627-4806744,Adele,Torrie,atorriekn@youtube.com,509-(354)716-1030745,Benjamin,Gyves,bgyvesko@google.com.hk,66-(832)314-9018746,Charil,Yarr,cyarrkp@e-recht24.de,81-(161)238-7628747,Aida,Taft,ataftkq@feedburner.com,55-(783)462-3142748,Alene,Waddup,awaddupkr@hatena.ne.jp,93-(157)545-2591749,Wilone,Snufflebottom,wsnufflebottomks@google.ca,86-(386)665-3056750,Abby,Voyce,avoycekt@wix.com,387-(946)891-0539751,Ariela,Caston,acastonku@liveinternet.ru,63-(469)499-3868752,Brannon,Jessope,bjessopekv@huffingtonpost.com,43-(429)497-2639753,Rolfe,Yegorov,ryegorovkw@sfgate.com,506-(438)425-5782754,Constantia,Gaunson,cgaunsonkx@privacy.gov.au,975-(685)142-1487755,Akim,Gendricke,agendrickeky@jalbum.net,86-(277)781-6935756,Kimberley,Frisel,kfriselkz@telegraph.co.uk,63-(347)365-2560757,Haley,Blague,hblaguel0@cnbc.com,47-(325)610-2478758,Laraine,Emmines,lemminesl1@prnewswire.com,351-(773)897-3341759,Celestyn,Dabes,cdabesl2@usda.gov,7-(179)409-7817760,Georges,Kleinfeld,gkleinfeldl3@ebay.com,970-(559)199-8335761,Alister,Laffling,alafflingl4@github.com,353-(359)878-2225762,Carlynne,MacChaell,cmacchaelll5@abc.net.au,7-(241)318-5635763,Aundrea,McGinty,amcgintyl6@yellowbook.com,46-(765)174-9296764,Eadith,Crickmer,ecrickmerl7@google.ca,58-(293)552-6356765,Deloria,Moncreiff,dmoncreiffl8@theguardian.com,86-(192)331-8933766,Bidget,Hause,bhausel9@instagram.com,86-(864)743-5667767,Dawna,Slowcock,dslowcockla@blogtalkradio.com,62-(349)289-4997768,Abigale,Pyser,apyserlb@ifeng.com,62-(906)811-1977769,Rufe,Stillert,rstillertlc@nydailynews.com,62-(215)272-7495770,Malanie,Twelvetree,mtwelvetreeld@nsw.gov.au,351-(669)615-9901771,Fawnia,Fooks,ffooksle@ifeng.com,92-(223)983-3994772,Kimmy,Mortel,kmortellf@noaa.gov,86-(264)521-8142773,Konstantine,Skipsea,kskipsealg@biglobe.ne.jp,46-(697)401-9148774,Yolanda,Simonsson,ysimonssonlh@statcounter.com,62-(287)721-2337775,Catlaina,Howling,chowlingli@godaddy.com,33-(635)267-8936776,Barny,Cardo,bcardolj@purevolume.com,86-(521)802-9155777,Shani,Klima,sklimalk@paginegialle.it,86-(243)313-5481778,Griselda,Bertwistle,gbertwistlell@zdnet.com,48-(654)300-5784779,Keith,Renshaw,krenshawlm@uiuc.edu,48-(639)430-3216780,Vittoria,Pocklington,vpocklingtonln@php.net,48-(362)826-5811781,Jennica,Glozman,jglozmanlo@paginegialle.it,62-(791)166-5798782,Sherwood,Pesterfield,spesterfieldlp@umich.edu,48-(145)389-2460783,Asa,Singh,asinghlq@edublogs.org,84-(495)443-4340784,Beverlee,Vickers,bvickerslr@npr.org,86-(415)795-4114785,Peterus,Deyes,pdeyesls@fotki.com,258-(123)326-2942786,Klement,Gotcliff,kgotclifflt@ft.com,86-(502)605-4871787,Devonna,Castelli,dcastellilu@php.net,7-(682)519-9543788,Reuven,Clementet,rclementetlv@xrea.com,55-(532)783-6201789,Reider,Barnes,rbarneslw@hatena.ne.jp,62-(446)526-9735790,Sande,Lindeboom,slindeboomlx@shinystat.com,63-(898)717-9677791,Marinna,Durward,mdurwardly@thetimes.co.uk,386-(788)784-6792792,Lamont,Geane,lgeanelz@blog.com,62-(786)365-2073793,Whitney,Quare,wquarem0@last.fm,86-(795)804-9128794,Ros,Trent,rtrentm1@indiegogo.com,63-(293)533-7604795,Melba,Wellings,mwellingsm2@addthis.com,225-(902)134-1857796,Stearne,Jacks,sjacksm3@arstechnica.com,86-(749)279-3367797,Veriee,Emmerson,vemmersonm4@sfgate.com,33-(263)263-0927798,Elli,Hubeaux,ehubeauxm5@reddit.com,53-(812)872-0213799,Nicky,Burgott,nburgottm6@weebly.com,86-(737)287-5875800,Ulla,Hutfield,uhutfieldm7@twitter.com,55-(166)596-9683801,Linzy,Tuffey,ltuffeym8@cpanel.net,86-(925)462-6756802,Blake,Hamner,bhamnerm9@mashable.com,56-(961)856-5913803,Yolanthe,Sand,ysandma@scientificamerican.com,55-(793)499-1101804,Katina,Healey,khealeymb@wufoo.com,86-(244)686-2308805,Aylmar,Sides,asidesmc@google.cn,46-(270)541-4881806,Rivalee,Colliber,rcollibermd@indiatimes.com,1-(864)924-6205807,Honoria,Pillans,hpillansme@youku.com,63-(569)618-1160808,Eleanora,Mation,emationmf@rambler.ru,86-(491)290-3132809,Danya,Blaisdell,dblaisdellmg@boston.com,86-(315)666-5374810,Gretta,Yelland,gyellandmh@dot.gov,62-(584)740-4143811,Daile,Horsted,dhorstedmi@studiopress.com,62-(438)193-8222812,Hill,Pearch,hpearchmj@house.gov,55-(248)540-1133813,Ettie,Cone,econemk@quantcast.com,51-(395)121-1340814,Sylvan,Doodson,sdoodsonml@xrea.com,385-(856)999-1301815,Mikol,Wagstaff,mwagstaffmm@networksolutions.com,86-(391)984-0851816,Tomas,Topes,ttopesmn@phpbb.com,66-(766)745-7930817,Lynnet,Shadrach,lshadrachmo@xinhuanet.com,351-(667)198-3303818,Arlen,Oake,aoakemp@surveymonkey.com,43-(596)741-2232819,Jacenta,Mallabund,jmallabundmq@zimbio.com,66-(895)564-7245820,Mariele,Crossthwaite,mcrossthwaitemr@ezinearticles.com,86-(423)921-0523821,Carmella,Miklem,cmiklemms@unicef.org,86-(540)863-4218822,Matias,Maulkin,mmaulkinmt@weibo.com,380-(806)839-7157823,Dalton,Mordey,dmordeymu@google.co.jp,1-(609)633-5031824,Bernie,Buttner,bbuttnermv@tiny.cc,86-(709)299-1362825,Adara,Work,aworkmw@mayoclinic.com,86-(121)983-5288826,Donnajean,Winnister,dwinnistermx@twitpic.com,381-(822)309-4662827,Cecile,Jaumet,cjaumetmy@narod.ru,86-(711)821-0206828,Manfred,Baversor,mbaversormz@odnoklassniki.ru,62-(779)903-6455829,Bank,Archbald,barchbaldn0@unicef.org,86-(976)510-8269830,Danice,Rother,drothern1@hubpages.com,351-(394)286-8067831,Geoff,Niemetz,gniemetzn2@nytimes.com,55-(786)410-1552832,Isis,Ruzicka,iruzickan3@blinklist.com,593-(454)662-5063833,Anissa,Nanson,anansonn4@dailymail.co.uk,62-(144)629-4941834,Hugh,Rissom,hrissomn5@dmoz.org,977-(285)449-3296835,Janenna,Zanazzi,jzanazzin6@ucoz.com,55-(425)471-4850836,Godart,Di Nisco,gdiniscon7@japanpost.jp,81-(277)512-6603837,Stearn,Donativo,sdonativon8@theguardian.com,7-(799)794-6194838,Roley,Stoving,rstovingn9@slideshare.net,33-(420)906-2721839,Auguste,Urrey,aurreyna@imdb.com,86-(964)591-2811840,Ward,Grestie,wgrestienb@youtube.com,62-(751)980-5228841,Mic,Wesker,mweskernc@amazon.co.jp,48-(636)335-5668842,Rosalia,Brawson,rbrawsonnd@netscape.com,86-(166)468-7264843,Louie,Lailey,llaileyne@reference.com,33-(879)603-8210844,Farrand,Hounsham,fhounshamnf@guardian.co.uk,216-(343)179-8355845,Brena,Evennett,bevennettng@friendfeed.com,351-(181)145-4077846,Prentiss,McLeod,pmcleodnh@desdev.cn,967-(552)255-9142847,Bale,Alexandrou,balexandrouni@wikia.com,86-(129)329-5447848,Gabby,Balderston,gbalderstonnj@google.pl,62-(291)393-2175849,Ivie,Darcey,idarceynk@icq.com,81-(203)702-3378850,Courtnay,Weekes,cweekesnl@godaddy.com,86-(538)599-5004851,Rosy,Caughte,rcaughtenm@statcounter.com,62-(247)910-8776852,Jorie,Gawith,jgawithnn@reverbnation.com,502-(488)280-0174853,Marcellina,Woollett,mwoollettno@taobao.com,47-(117)406-5860854,Gusta,Musterd,gmusterdnp@newyorker.com,63-(875)918-2121855,Jillian,Darridon,jdarridonnq@twitter.com,86-(570)444-0004856,Corrina,Goslin,cgoslinnr@gravatar.com,7-(623)370-4686857,Krissy,Dacres,kdacresns@ustream.tv,33-(928)808-1740858,Randene,Ashwood,rashwoodnt@de.vu,63-(617)870-1695859,Belvia,Lamdin,blamdinnu@wikipedia.org,86-(980)897-3365860,Sonya,Phoenix,sphoenixnv@kickstarter.com,63-(623)917-4748861,Matthus,Ledbetter,mledbetternw@g.co,62-(469)514-5520862,Madelina,Beckham,mbeckhamnx@foxnews.com,33-(141)885-1581863,Scarlet,Readhead,sreadheadny@stanford.edu,62-(573)740-5955864,Catharine,Baldocci,cbaldoccinz@mozilla.com,380-(152)499-3172865,Gothart,Bradder,gbraddero0@baidu.com,49-(697)181-5558866,Ruy,Bromley,rbromleyo1@state.gov,52-(255)159-3399867,Talbot,Trippick,ttrippicko2@163.com,62-(449)263-1536868,Ted,Shilladay,tshilladayo3@xing.com,63-(517)329-3279869,Ralf,Howick,rhowicko4@com.com,1-(523)697-1568870,Gustave,Duffield,gduffieldo5@epa.gov,7-(804)435-4493871,Vittorio,Thrush,vthrusho6@engadget.com,62-(821)440-6891872,Germain,Byron,gbyrono7@discovery.com,976-(388)939-7357873,Becka,Drinkale,bdrinkaleo8@surveymonkey.com,63-(361)986-6562874,Patrice,Napper,pnappero9@nsw.gov.au,1-(801)530-0103875,Patricia,Fiske,pfiskeoa@ed.gov,64-(189)681-3614876,Cullen,Kaaskooper,ckaaskooperob@people.com.cn,62-(536)734-1774877,Margarette,Swyre,mswyreoc@yolasite.com,965-(165)566-9168878,Bunnie,Slocomb,bslocombod@washington.edu,86-(687)473-1961879,Yehudi,Clavering,yclaveringoe@com.com,48-(908)588-4086880,Marga,O'Reagan,moreaganof@skype.com,66-(790)333-0992881,Mariana,De Francesco,mdefrancescoog@i2i.jp,81-(905)179-6345882,Reinhold,Perigoe,rperigoeoh@liveinternet.ru,7-(589)332-2809883,Damara,Heath,dheathoi@themeforest.net,692-(450)118-7050884,Onfre,Claremont,oclaremontoj@disqus.com,505-(783)967-2448885,Freedman,Thomlinson,fthomlinsonok@examiner.com,62-(240)848-8480886,Erik,Fetherston,efetherstonol@livejournal.com,1-(913)647-9641887,Matteo,Hallagan,mhallaganom@youtu.be,63-(293)944-9951888,Virginie,Heffy,vheffyon@marriott.com,353-(819)312-0195889,Arlena,Matelyunas,amatelyunasoo@geocities.jp,86-(378)810-3364890,Brittney,Scallon,bscallonop@sitemeter.com,375-(168)417-7695891,Hali,Hunt,hhuntoq@sourceforge.net,374-(607)699-8854892,Abey,Orringe,aorringeor@tripadvisor.com,62-(577)276-9308893,Jehanna,Stitch,jstitchos@amazon.co.jp,55-(513)598-0520894,Willa,Brownfield,wbrownfieldot@usnews.com,81-(750)372-5859895,Fredrika,Rickerby,frickerbyou@narod.ru,7-(413)991-5391896,Aryn,Umney,aumneyov@geocities.com,385-(670)235-5137897,Valma,Snelling,vsnellingow@imdb.com,86-(904)105-4553898,Tallie,Brabbs,tbrabbsox@soup.io,30-(372)933-4323899,Anita,Wybrow,awybrowoy@cocolog-nifty.com,1-(816)131-6716900,Marylynne,Eatttok,meatttokoz@netlog.com,86-(808)690-9610901,Kalina,Halliberton,khallibertonp0@apache.org,86-(582)828-4010902,Killian,Shreeves,kshreevesp1@booking.com,84-(665)341-2986903,Claudius,Guilleton,cguilletonp2@issuu.com,86-(828)187-8652904,Enos,Lambarth,elambarthp3@qq.com,967-(171)541-1044905,Vikki,Mc Carroll,vmccarrollp4@ted.com,58-(862)440-3636906,Winslow,Beachem,wbeachemp5@xing.com,48-(723)920-3390907,Kingston,Radbone,kradbonep6@pinterest.com,242-(202)625-2565908,Artemus,Danbury,adanburyp7@wordpress.org,965-(428)504-6118909,Maximilianus,McConnell,mmcconnellp8@bloomberg.com,30-(500)239-1283910,Kimberlyn,Chese,kchesep9@japanpost.jp,86-(555)381-8707911,Harrison,Kleinsmuntz,hkleinsmuntzpa@uol.com.br,1-(651)307-8881912,Audra,Wasylkiewicz,awasylkiewiczpb@cdbaby.com,687-(333)675-8931913,Jennilee,Brealey,jbrealeypc@mail.ru,86-(940)748-9765914,Trula,Dofty,tdoftypd@instagram.com,62-(268)480-5755915,Cristina,MacManus,cmacmanuspe@pinterest.com,212-(827)840-3212916,Neal,Alderwick,nalderwickpf@rakuten.co.jp,7-(278)315-6843917,Charita,Farncomb,cfarncombpg@gravatar.com,33-(643)889-4646918,Toma,Dines,tdinesph@furl.net,86-(934)170-3258919,Carmelita,Petrozzi,cpetrozzipi@google.nl,63-(368)851-1560920,Eben,Sooper,esooperpj@indiatimes.com,267-(185)187-5111921,Ramonda,Realph,rrealphpk@elegantthemes.com,86-(210)510-2725922,Hildegaard,Hercock,hhercockpl@digg.com,62-(330)756-2885923,Ilyssa,Sandeford,isandefordpm@360.cn,33-(535)402-2262924,Wallace,Adne,wadnepn@digg.com,86-(939)527-9667925,Clayborn,Dumbare,cdumbarepo@lulu.com,420-(431)795-2214926,Simone,Cunnington,scunningtonpp@woothemes.com,351-(595)133-2879927,Breanne,Wadelin,bwadelinpq@infoseek.co.jp,86-(690)395-7677928,Elfreda,Belly,ebellypr@ted.com,86-(388)296-7819929,Barnabe,Alliker,ballikerps@mozilla.org,62-(204)674-7055930,Verina,Hug,vhugpt@army.mil,54-(925)133-2956931,Hattie,Durrans,hdurranspu@nba.com,95-(468)424-6322932,Romy,Terbruggen,rterbruggenpv@businessweek.com,86-(668)853-7122933,Marlene,Wrighton,mwrightonpw@imgur.com,7-(535)313-0912934,Hilary,Pinchin,hpinchinpx@google.ca,1-(513)353-4839935,Efrem,Oxburgh,eoxburghpy@trellian.com,234-(267)824-9390936,Alphonse,Cadwell,acadwellpz@discovery.com,81-(163)573-5007937,Daffie,Jeenes,djeenesq0@foxnews.com,86-(258)729-7888938,Daryl,Dimeloe,ddimeloeq1@pcworld.com,7-(113)469-2780939,Heddie,Cowope,hcowopeq2@paypal.com,63-(473)994-9657940,Gaston,Bessent,gbessentq3@accuweather.com,420-(911)617-4723941,Elwira,Eckly,eecklyq4@indiegogo.com,86-(499)581-1623942,Perkin,Sexton,psextonq5@nytimes.com,95-(767)203-8701943,Jodi,Shermar,jshermarq6@github.io,86-(692)952-4083944,Sonny,Blunn,sblunnq7@nymag.com,62-(812)205-2039945,Brook,Schoroder,bschoroderq8@ning.com,55-(763)301-5176946,Raff,McVeighty,rmcveightyq9@desdev.cn,7-(243)117-5107947,Guinevere,Sirett,gsirettqa@eepurl.com,63-(234)948-6225948,Gusty,Pallin,gpallinqb@google.co.jp,62-(604)900-0112949,Larine,Slayford,lslayfordqc@uol.com.br,86-(534)367-7685950,Cicily,Wattisham,cwattishamqd@purevolume.com,66-(808)720-1277951,Friedrick,Wroe,fwroeqe@opera.com,420-(407)280-9241952,Jolene,Agerskow,jagerskowqf@ibm.com,86-(285)873-4484953,Myrtie,Clausson,mclaussonqg@comsenz.com,66-(292)871-3160954,Kordula,Britner,kbritnerqh@soundcloud.com,86-(569)680-1101955,Janifer,Sparrowe,jsparroweqi@meetup.com,86-(963)895-9604956,Barton,McDougall,bmcdougallqj@amazon.de,1-(334)477-9952957,Lenard,Delgardillo,ldelgardilloqk@tinyurl.com,46-(652)881-3416958,Concettina,Spours,cspoursql@arizona.edu,48-(871)486-8912959,Barty,Kaine,bkaineqm@imdb.com,62-(870)733-1607960,Helaina,Boughtwood,hboughtwoodqn@imdb.com,7-(504)642-2477961,Dorolisa,Clemenceau,dclemenceauqo@comsenz.com,675-(638)569-6796962,Tammi,Bools,tboolsqp@bluehost.com,86-(283)391-4053963,Belva,Trimme,btrimmeqq@jimdo.com,63-(349)482-4457964,Deirdre,Helgass,dhelgassqr@dot.gov,381-(515)921-7783965,Anderson,Ubsdall,aubsdallqs@arstechnica.com,33-(732)212-3756966,Filmore,Harrod,fharrodqt@clickbank.net,62-(769)764-0035967,Eva,Kneafsey,ekneafseyqu@tinypic.com,265-(215)634-3837968,Ritchie,Blaycock,rblaycockqv@army.mil,86-(230)391-0903969,Cathy,Hawker,chawkerqw@samsung.com,62-(430)754-5603970,Taddeo,Josey,tjoseyqx@ehow.com,92-(299)809-1891971,Opalina,Darell,odarellqy@patch.com,234-(324)677-5966972,Barton,Alexsandrowicz,balexsandrowiczqz@toplist.cz,961-(689)551-1567973,Ferrell,Vannucci,fvannuccir0@joomla.org,84-(633)532-8006974,Donal,Beastall,dbeastallr1@google.co.uk,62-(697)428-4610975,William,Sliman,wslimanr2@earthlink.net,57-(968)676-8281976,Caty,Kochel,ckochelr3@elpais.com,880-(179)117-8964977,Bayard,Veevers,bveeversr4@cbsnews.com,234-(449)401-4507978,Kristy,Tuma,ktumar5@about.com,7-(879)177-4296979,Pearla,Harkin,pharkinr6@china.com.cn,351-(302)375-1826980,Tomi,Yeo,tyeor7@latimes.com,86-(382)785-6412981,Darla,Pegg,dpeggr8@friendfeed.com,1-(914)748-1948982,Jennie,Eglington,jeglingtonr9@sciencedirect.com,64-(193)237-0142983,Whittaker,Torrese,wtorresera@zdnet.com,992-(516)262-1686984,Row,Bruineman,rbruinemanrb@fotki.com,1-(941)641-0695985,Nolan,Spall,nspallrc@de.vu,86-(129)876-4296986,Hilly,Spratt,hsprattrd@boston.com,86-(651)674-5883987,Walther,Faers,wfaersre@sfgate.com,351-(772)397-6063988,Ryun,Barnes,rbarnesrf@51.la,48-(599)983-8320989,Lorrie,Arni,larnirg@people.com.cn,63-(649)475-2846990,Tani,Josipovitz,tjosipovitzrh@google.nl,51-(644)354-3372991,Liam,Gerish,lgerishri@army.mil,86-(123)666-3401992,Heida,Henrichs,hhenrichsrj@whitehouse.gov,46-(602)595-0526993,Kizzee,Mizzen,kmizzenrk@etsy.com,62-(632)999-3501994,Harris,Broggetti,hbroggettirl@upenn.edu,1-(798)818-2813995,Mal,Andrieu,mandrieurm@aboutads.info,234-(159)213-7673996,Leena,Widdowes,lwiddowesrn@globo.com,62-(605)647-2691997,Elaina,Boleyn,eboleynro@dyndns.org,54-(820)467-4397998,Abey,Sergant,asergantrp@reverbnation.com,86-(437)206-2843999,Bidget,Pitson,bpitsonrq@barnesandnoble.com,253-(632)246-55471000,Pietro,Dobbison,pdobbisonrr@upenn.edu,670-(265)585-0757